what,kind,bundleId,bundleVersion,description,time
started,bundle,org.eclipse.ui.workbench.texteditor,3.8.0.v20120523-1310,"org.eclipse.ui.workbench.texteditor",1370473439319
started,bundle,org.eclipse.update.configurator,3.3.200.v20120912-144026,"org.eclipse.update.configurator",1370473439335
started,bundle,org.eclipse.cdt.codan.checkers,1.0.0.201106081058,"org.eclipse.cdt.codan.checkers",1370473439337
started,bundle,org.eclipse.cdt.codan.core,2.0.0.201106081058,"org.eclipse.cdt.codan.core",1370473439338
started,bundle,org.eclipse.cdt.codan.core.cxx,1.0.0.201106081058,"org.eclipse.cdt.codan.core.cxx",1370473439340
started,bundle,org.eclipse.cdt.codan.ui.cxx,2.0.0.201106081058,"org.eclipse.cdt.codan.ui.cxx",1370473439343
started,bundle,org.eclipse.cdt.core,5.3.0.201106081058,"org.eclipse.cdt.core",1370473439345
started,bundle,org.eclipse.cdt.make.core,7.1.0.201106081058,"org.eclipse.cdt.make.core",1370473439347
started,bundle,org.eclipse.cdt.make.ui,7.1.0.201106081058,"org.eclipse.cdt.make.ui",1370473439350
started,bundle,org.eclipse.cdt.managedbuilder.core,8.0.0.201106081058,"org.eclipse.cdt.managedbuilder.core",1370473439353
started,bundle,org.eclipse.cdt.ui,5.3.0.201106081058,"org.eclipse.cdt.ui",1370473439357
started,bundle,org.eclipse.epp.mpc.ui,1.1.0.I20110525-0742,"org.eclipse.epp.mpc.ui",1370473439377
started,bundle,org.eclipse.epp.usagedata.gathering,1.3.1.R201106061540,"org.eclipse.epp.usagedata.gathering",1370473439379
started,bundle,org.eclipse.epp.usagedata.recording,1.3.1.R201106061540,"org.eclipse.epp.usagedata.recording",1370473439383
started,bundle,org.eclipse.equinox.event,1.2.100.v20110502,"org.eclipse.equinox.event",1370473439389
started,bundle,org.eclipse.mylyn.bugzilla.core,3.6.0.v20110608-1400,"org.eclipse.mylyn.bugzilla.core",1370473439392
started,bundle,org.eclipse.mylyn.bugzilla.ui,3.6.0.v20110608-1400,"org.eclipse.mylyn.bugzilla.ui",1370473439395
started,bundle,org.eclipse.mylyn.commons.identity,0.8.0.v20110608-1400,"org.eclipse.mylyn.commons.identity",1370473439398
started,bundle,org.eclipse.mylyn.commons.net,3.6.0.v20110608-1400,"org.eclipse.mylyn.commons.net",1370473439398
started,bundle,org.eclipse.mylyn.commons.ui,3.6.0.v20110608-1400,"org.eclipse.mylyn.commons.ui",1370473439402
started,bundle,org.eclipse.mylyn.context.core,3.6.0.v20110608-1400,"org.eclipse.mylyn.context.core",1370473439404
started,bundle,org.eclipse.mylyn.context.ui,3.6.0.v20110608-1400,"org.eclipse.mylyn.context.ui",1370473439407
started,bundle,org.eclipse.mylyn.monitor.ui,3.6.0.v20110608-1400,"org.eclipse.mylyn.monitor.ui",1370473439409
started,bundle,org.eclipse.mylyn.tasks.ui,3.6.0.v20110608-1400,"org.eclipse.mylyn.tasks.ui",1370473439412
started,bundle,org.eclipse.mylyn.team.ui,3.6.0.v20110608-1400,"org.eclipse.mylyn.team.ui",1370473439413
started,bundle,org.eclipse.update.core,3.2.500.v20110330,"org.eclipse.update.core",1370473439437
started,bundle,org.eclipse.update.scheduler,3.2.300.v20100512,"org.eclipse.update.scheduler",1370473439459
os,sysinfo,,,"win32",1370473439462
arch,sysinfo,,,"x86_64",1370473439462
ws,sysinfo,,,"win32",1370473439462
locale,sysinfo,,,"pt_BR",1370473439462
processors,sysinfo,,,"4",1370473439462
java.runtime.name,sysinfo,,,"Java(TM) SE Runtime Environment",1370473439462
java.runtime.version,sysinfo,,,"1.7.0_17-b02",1370473439462
java.specification.name,sysinfo,,,"Java Platform API Specification",1370473439462
java.specification.vendor,sysinfo,,,"Oracle Corporation",1370473439462
java.specification.version,sysinfo,,,"1.7",1370473439462
java.vendor,sysinfo,,,"Oracle Corporation",1370473439462
java.version,sysinfo,,,"1.7.0_17",1370473439462
java.vm.info,sysinfo,,,"mixed mode",1370473439462
java.vm.name,sysinfo,,,"Java HotSpot(TM) 64-Bit Server VM",1370473439462
java.vm.specification.name,sysinfo,,,"Java Virtual Machine Specification",1370473439462
java.vm.specification.vendor,sysinfo,,,"Oracle Corporation",1370473439462
java.vm.specification.version,sysinfo,,,"1.7",1370473439462
java.vm.vendor,sysinfo,,,"Oracle Corporation",1370473439462
java.vm.version,sysinfo,,,"23.7-b01",1370473439462
activated,workbench,org.eclipse.ui.workbench,3.104.0.v20130204-164612,"",1370473512715
started,bundle,org.eclipse.jdt.core,3.8.3.v20130121-145325,"org.eclipse.jdt.core",1370473520894
started,bundle,org.eclipse.jdt.core.manipulation,1.5.0.v20120523-1543,"org.eclipse.jdt.core.manipulation",1370473521101
started,bundle,org.eclipse.jdt.ui,3.8.2.v20130107-165834,"org.eclipse.jdt.ui",1370473521136
started,bundle,org.eclipse.ui.trace,1.0.1.v20121204-224553,"org.eclipse.ui.trace",1370473521272
started,bundle,org.eclipse.debug.core,3.7.100.v20120521-2012,"org.eclipse.debug.core",1370473521287
started,bundle,org.eclipse.jdt.launching,3.6.101.v20130111-183046,"org.eclipse.jdt.launching",1370473521319
deactivated,workbench,org.eclipse.ui.workbench,3.104.0.v20130204-164612,"",1370473522041
started,bundle,org.eclipse.jdt.apt.core,3.3.500.v20120522-1651,"org.eclipse.jdt.apt.core",1370473533710
started,bundle,org.eclipse.jdt.apt.pluggable.core,1.0.400.v20120522-1651,"org.eclipse.jdt.apt.pluggable.core",1370473533728
started,bundle,org.eclipse.jgit,1.0.0.201106090707-r,"org.eclipse.jgit",1370473533977
started,bundle,org.eclipse.egit.core,1.0.0.201106090707-r,"org.eclipse.egit.core",1370473534012
started,bundle,org.eclipse.egit.ui,1.0.0.201106090707-r,"org.eclipse.egit.ui",1370473534069
activated,workbench,org.eclipse.ui.workbench,3.104.0.v20130204-164612,"",1370473534162
deactivated,workbench,org.eclipse.ui.workbench,3.104.0.v20130204-164612,"",1370473538400
activated,workbench,org.eclipse.ui.workbench,3.104.0.v20130204-164612,"",1370473542128
started,bundle,org.eclipse.pde.launching,3.6.100.v20120605-203027,"org.eclipse.pde.launching",1370473542776
started,bundle,org.eclipse.ui.views.log,1.0.300.v20120530-1435,"org.eclipse.ui.views.log",1370473542792
started,bundle,org.eclipse.pde.ui,3.7.2.v20130121-093123,"org.eclipse.pde.ui",1370473542810
opened,view,org.eclipse.jdt.ui,3.8.2.v20130107-165834,"org.eclipse.jdt.ui.PackageExplorer",1370473542985
activated,view,org.eclipse.jdt.ui,3.8.2.v20130107-165834,"org.eclipse.jdt.ui.PackageExplorer",1370473543127
started,bundle,org.eclipse.ui.navigator,3.5.200.v20120705-114103,"org.eclipse.ui.navigator",1370473543153
activated,perspective,org.eclipse.pde.ui,3.7.2.v20130121-093123,"org.eclipse.pde.ui.PDEPerspective",1370473543169
executed,command,org.eclipse.ui,3.104.0.v20121024-145224,"org.eclipse.ui.perspectives.showPerspective",1370473543173
started,bundle,org.eclipse.ltk.ui.refactoring,3.7.0.v20120523-1543,"org.eclipse.ltk.ui.refactoring",1370473547092
started,bundle,org.eclipse.compare.core,3.5.200.v20120522-1148,"org.eclipse.compare.core",1370473547862
started,bundle,org.eclipse.compare,3.5.301.v20130125-135424,"org.eclipse.compare",1370473547878
deactivated,workbench,org.eclipse.ui.workbench,3.104.0.v20130204-164612,"",1370473551367
activated,workbench,org.eclipse.ui.workbench,3.104.0.v20130204-164612,"",1370473557763
deactivated,workbench,org.eclipse.ui.workbench,3.104.0.v20130204-164612,"",1370473565258
activated,workbench,org.eclipse.ui.workbench,3.104.0.v20130204-164612,"",1370473760740
opened,editor,org.eclipse.jdt.ui,3.8.2.v20130107-165834,"org.eclipse.jdt.ui.CompilationUnitEditor",1370473761840
activated,editor,org.eclipse.jdt.ui,3.8.2.v20130107-165834,"org.eclipse.jdt.ui.CompilationUnitEditor",1370473761972
started,bundle,org.eclipse.core.variables,3.2.600.v20120521-2012,"org.eclipse.core.variables",1370473762356
executed,command,org.eclipse.ui.workbench.texteditor,3.8.0.v20120523-1310,"org.eclipse.ui.edit.text.select.lineEnd",1370473772368
started,bundle,org.eclipse.jdt.junit,3.7.100.v20120523-1543,"org.eclipse.jdt.junit",1370473776979
started,bundle,org.eclipse.mylyn.ide.ui,3.6.0.v20110608-1400,"org.eclipse.mylyn.ide.ui",1370473778519
started,bundle,org.eclipse.pde.api.tools,1.0.400.v20120523-2012,"org.eclipse.pde.api.tools",1370473778619
started,bundle,org.eclipse.pde.api.tools.ui,1.0.400.v20120523-2012,"org.eclipse.pde.api.tools.ui",1370473778622
executed,command,org.eclipse.ui,3.104.0.v20121024-145224,"org.eclipse.ui.edit.text.contentAssist.proposals",1370473779013
deactivated,workbench,org.eclipse.ui.workbench,3.104.0.v20130204-164612,"",1370473782638
activated,workbench,org.eclipse.ui.workbench,3.104.0.v20130204-164612,"",1370473789364
executed,command,org.eclipse.ui,3.104.0.v20121024-145224,"org.eclipse.ui.edit.paste",1370473791654
executed,command,org.eclipse.ui,3.104.0.v20121024-145224,"org.eclipse.ui.edit.text.contentAssist.proposals",1370473813262
executed,command,org.eclipse.ui.workbench.texteditor,3.8.0.v20120523-1310,"org.eclipse.ui.edit.text.goto.lineStart",1370473817378
executed,command,org.eclipse.ui.workbench.texteditor,3.8.0.v20120523-1310,"org.eclipse.ui.edit.text.select.lineEnd",1370473818043
executed,command,org.eclipse.ui,3.104.0.v20121024-145224,"org.eclipse.ui.edit.cut",1370473819154
executed,command,org.eclipse.ui.workbench.texteditor,3.8.0.v20120523-1310,"org.eclipse.ui.edit.text.goto.wordNext",1370473820990
executed,command,org.eclipse.ui.workbench.texteditor,3.8.0.v20120523-1310,"org.eclipse.ui.edit.text.goto.wordNext",1370473821157
executed,command,org.eclipse.ui.workbench.texteditor,3.8.0.v20120523-1310,"org.eclipse.ui.edit.text.goto.wordNext",1370473821332
executed,command,org.eclipse.ui.workbench.texteditor,3.8.0.v20120523-1310,"org.eclipse.ui.edit.text.goto.wordNext",1370473821682
executed,command,org.eclipse.ui.workbench.texteditor,3.8.0.v20120523-1310,"org.eclipse.ui.edit.text.goto.wordNext",1370473821913
executed,command,org.eclipse.ui.workbench.texteditor,3.8.0.v20120523-1310,"org.eclipse.ui.edit.text.goto.wordNext",1370473822221
executed,command,org.eclipse.ui,3.104.0.v20121024-145224,"org.eclipse.ui.edit.paste",1370473823755
executed,command,org.eclipse.ui.workbench.texteditor,3.8.0.v20120523-1310,"org.eclipse.ui.edit.text.goto.lineStart",1370473827228
executed,command,org.eclipse.ui.workbench.texteditor,3.8.0.v20120523-1310,"org.eclipse.ui.edit.text.select.lineEnd",1370473828172
executed,command,org.eclipse.ui.workbench.texteditor,3.8.0.v20120523-1310,"org.eclipse.ui.edit.text.select.lineEnd",1370473832655
executed,command,org.eclipse.ui,3.104.0.v20121024-145224,"org.eclipse.ui.edit.cut",1370473833337
executed,command,org.eclipse.ui.workbench.texteditor,3.8.0.v20120523-1310,"org.eclipse.ui.edit.text.goto.lineEnd",1370473836552
executed,command,org.eclipse.ui,3.104.0.v20121024-145224,"org.eclipse.ui.edit.text.contentAssist.proposals",1370473840620
executed,command,org.eclipse.ui,3.104.0.v20121024-145224,"org.eclipse.ui.edit.paste",1370473842508
executed,command,org.eclipse.ui,3.104.0.v20121024-145224,"org.eclipse.ui.file.save",1370473844734
started,bundle,org.eclipse.debug.ui,3.8.2.v20130130-171415,"org.eclipse.debug.ui",1370473849063
started,bundle,org.eclipse.cdt.debug.core,7.1.0.201106081058,"org.eclipse.cdt.debug.core",1370473849376
started,bundle,org.eclipse.cdt.debug.ui,7.1.0.201106081058,"org.eclipse.cdt.debug.ui",1370473849411
started,bundle,org.eclipse.jdt.debug,3.7.101.v20120913-153601,"org.eclipse.jdt.debug",1370473849487
started,bundle,org.eclipse.jdt.debug.ui,3.6.100.v20120530-1425,"org.eclipse.jdt.debug.ui",1370473849595
opened,view,org.eclipse.ui.console,3.5.100.v20120521-2012,"org.eclipse.ui.console.ConsoleView",1370473850954
started,bundle,org.eclipse.cdt.debug.mi.ui,6.1.0.201106081058,"org.eclipse.cdt.debug.mi.ui",1370473851174
started,bundle,org.eclipse.cdt.dsf,2.2.0.201106081058,"org.eclipse.cdt.dsf",1370473851243
started,bundle,org.eclipse.cdt.dsf.gdb,4.0.0.201106081058,"org.eclipse.cdt.dsf.gdb",1370473851244
started,bundle,org.eclipse.cdt.dsf.gdb.ui,2.2.0.201106081058,"org.eclipse.cdt.dsf.gdb.ui",1370473851246
started,bundle,org.eclipse.cdt.debug.mi.core,7.1.0.201106081058,"org.eclipse.cdt.debug.mi.core",1370473851262
executed,command,org.eclipse.ui,3.104.0.v20121024-145224,"org.eclipse.ui.file.save",1370473861200
deactivated,workbench,org.eclipse.ui.workbench,3.104.0.v20130204-164612,"",1370473866658
activated,workbench,org.eclipse.ui.workbench,3.104.0.v20130204-164612,"",1370473869096
deactivated,workbench,org.eclipse.ui.workbench,3.104.0.v20130204-164612,"",1370473872671
activated,workbench,org.eclipse.ui.workbench,3.104.0.v20130204-164612,"",1370474320223
deactivated,workbench,org.eclipse.ui.workbench,3.104.0.v20130204-164612,"",1370474322385
activated,workbench,org.eclipse.ui.workbench,3.104.0.v20130204-164612,"",1370474386503
deactivated,workbench,org.eclipse.ui.workbench,3.104.0.v20130204-164612,"",1370474388150
activated,workbench,org.eclipse.ui.workbench,3.104.0.v20130204-164612,"",1370474389535
closed,view,org.eclipse.jdt.ui,3.8.2.v20130107-165834,"org.eclipse.jdt.ui.PackageExplorer",1370474389587
closed,editor,org.eclipse.jdt.ui,3.8.2.v20130107-165834,"org.eclipse.jdt.ui.CompilationUnitEditor",1370474389645
closed,view,org.eclipse.ui.console,3.5.100.v20120521-2012,"org.eclipse.ui.console.ConsoleView",1370474389711
closed,workbench,org.eclipse.ui.workbench,3.104.0.v20130204-164612,"",1370474389845
closed,workbench,org.eclipse.ui.workbench,3.104.0.v20130204-164612,"",1370474390095
stopped,bundle,org.eclipse.pde.api.tools.ui,1.0.400.v20120523-2012,"org.eclipse.pde.api.tools.ui",1370474390496
stopped,bundle,org.eclipse.pde.ds.ui,1.0.200.v20120530-1435,"org.eclipse.pde.ds.ui",1370474390629
stopped,bundle,org.eclipse.pde.runtime,3.4.300.v20120523-1453,"org.eclipse.pde.runtime",1370474390652
activated,perspective,org.eclipse.pde.ui,,"org.eclipse.pde.ui.PDEPerspective",1371843873222
started,bundle,org.eclipse.osgi,3.8.2.v20130124-134944,"org.eclipse.osgi",1371843873222
started,bundle,org.eclipse.equinox.simpleconfigurator,1.0.301.v20120914-163612,"org.eclipse.equinox.simpleconfigurator",1371843873222
started,bundle,com.ibm.icu,4.4.2.v20110823,"com.ibm.icu",1371843873222
started,bundle,org.apache.felix.gogo.command,0.8.0.v201108120515,"org.apache.felix.gogo.command",1371843873222
started,bundle,org.apache.felix.gogo.runtime,0.8.0.v201108120515,"org.apache.felix.gogo.runtime",1371843873222
started,bundle,org.apache.felix.gogo.shell,0.8.0.v201110170705,"org.apache.felix.gogo.shell",1371843873222
started,bundle,org.eclipse.compare.core,3.5.200.v20120522-1148,"org.eclipse.compare.core",1371843873222
started,bundle,org.eclipse.core.contenttype,3.4.200.v20120523-2004,"org.eclipse.core.contenttype",1371843873222
started,bundle,org.eclipse.core.databinding.observable,1.4.1.v20120521-2329,"org.eclipse.core.databinding.observable",1371843873222
started,bundle,org.eclipse.core.expressions,3.4.401.v20120912-155018,"org.eclipse.core.expressions",1371843873222
started,bundle,org.eclipse.core.filebuffers,3.5.200.v20120523-1310,"org.eclipse.core.filebuffers",1371843873222
started,bundle,org.eclipse.core.filesystem,1.3.200.v20130115-145044,"org.eclipse.core.filesystem",1371843873222
started,bundle,org.eclipse.core.jobs,3.5.300.v20120912-155018,"org.eclipse.core.jobs",1371843873222
started,bundle,org.eclipse.core.net,1.2.200.v20120914-093638,"org.eclipse.core.net",1371843873222
started,bundle,org.eclipse.core.resources,3.8.1.v20121114-124432,"org.eclipse.core.resources",1371843873222
started,bundle,org.eclipse.core.runtime,3.8.0.v20120912-155025,"org.eclipse.core.runtime",1371843873222
started,bundle,org.eclipse.core.runtime.compatibility,3.2.200.v20120521-2346,"org.eclipse.core.runtime.compatibility",1371843873222
started,bundle,org.eclipse.core.variables,3.2.600.v20120521-2012,"org.eclipse.core.variables",1371843873222
started,bundle,org.eclipse.debug.core,3.7.100.v20120521-2012,"org.eclipse.debug.core",1371843873237
started,bundle,org.eclipse.e4.core.commands,0.10.1.v20120523-1955,"org.eclipse.e4.core.commands",1371843873237
started,bundle,org.eclipse.e4.core.contexts,1.2.0.v20121221-192508,"org.eclipse.e4.core.contexts",1371843873237
started,bundle,org.eclipse.e4.core.di,1.2.0.v20121024-173149,"org.eclipse.e4.core.di",1371843873237
started,bundle,org.eclipse.e4.core.services,1.0.0.v20120521-2346,"org.eclipse.e4.core.services",1371843873237
started,bundle,org.eclipse.e4.ui.bindings,0.10.3.v20130123-162658,"org.eclipse.e4.ui.bindings",1371843873237
started,bundle,org.eclipse.e4.ui.css.swt,0.10.3.v20130123-162658,"org.eclipse.e4.ui.css.swt",1371843873237
started,bundle,org.eclipse.e4.ui.css.swt.theme,0.9.4.v20130123-162658,"org.eclipse.e4.ui.css.swt.theme",1371843873237
started,bundle,org.eclipse.e4.ui.di,0.10.1.v20120523-1955,"org.eclipse.e4.ui.di",1371843873237
started,bundle,org.eclipse.e4.ui.model.workbench,0.10.1.v20120523-1955,"org.eclipse.e4.ui.model.workbench",1371843873237
started,bundle,org.eclipse.e4.ui.services,0.10.3.v20130123-162658,"org.eclipse.e4.ui.services",1371843873237
started,bundle,org.eclipse.e4.ui.workbench,0.11.0.v20130125-100758,"org.eclipse.e4.ui.workbench",1371843873237
started,bundle,org.eclipse.e4.ui.workbench.addons.swt,0.10.3.v20130124-185622,"org.eclipse.e4.ui.workbench.addons.swt",1371843873237
started,bundle,org.eclipse.e4.ui.workbench.renderers.swt,0.10.3.v20130124-170312,"org.eclipse.e4.ui.workbench.renderers.swt",1371843873237
started,bundle,org.eclipse.e4.ui.workbench.swt,0.10.3.v20130124-133900,"org.eclipse.e4.ui.workbench.swt",1371843873237
started,bundle,org.eclipse.emf.common,2.8.0.v20130125-0546,"org.eclipse.emf.common",1371843873237
started,bundle,org.eclipse.emf.ecore,2.8.3.v20130125-0546,"org.eclipse.emf.ecore",1371843873237
started,bundle,org.eclipse.emf.ecore.xmi,2.8.1.v20130125-0546,"org.eclipse.emf.ecore.xmi",1371843873237
started,bundle,org.eclipse.equinox.app,1.3.100.v20120522-1841,"org.eclipse.equinox.app",1371843873237
started,bundle,org.eclipse.equinox.common,3.6.100.v20120522-1841,"org.eclipse.equinox.common",1371843873237
started,bundle,org.eclipse.equinox.console,1.0.0.v20120522-1841,"org.eclipse.equinox.console",1371843873237
started,bundle,org.eclipse.equinox.ds,1.4.1.v20120926-201320,"org.eclipse.equinox.ds",1371843873237
started,bundle,org.eclipse.equinox.event,1.2.200.v20120522-2049,"org.eclipse.equinox.event",1371843873253
started,bundle,org.eclipse.equinox.p2.core,2.2.0.v20120430-0525,"org.eclipse.equinox.p2.core",1371843873253
started,bundle,org.eclipse.equinox.p2.directorywatcher,1.0.300.v20110808-1657,"org.eclipse.equinox.p2.directorywatcher",1371843873253
started,bundle,org.eclipse.equinox.p2.engine,2.2.0.v20130121-021919,"org.eclipse.equinox.p2.engine",1371843873253
started,bundle,org.eclipse.equinox.p2.metadata,2.1.0.v20120430-2001,"org.eclipse.equinox.p2.metadata",1371843873253
started,bundle,org.eclipse.equinox.p2.metadata.repository,1.2.100.v20120524-1717,"org.eclipse.equinox.p2.metadata.repository",1371843873253
started,bundle,org.eclipse.equinox.p2.operations,2.2.0.v20130119-010614,"org.eclipse.equinox.p2.operations",1371843873253
started,bundle,org.eclipse.equinox.p2.reconciler.dropins,1.1.200.v20120301-2145,"org.eclipse.equinox.p2.reconciler.dropins",1371843873253
started,bundle,org.eclipse.equinox.p2.repository,2.2.0.v20120524-1945,"org.eclipse.equinox.p2.repository",1371843873253
started,bundle,org.eclipse.equinox.p2.ui.sdk.scheduler,1.1.0.v20110815-1744,"org.eclipse.equinox.p2.ui.sdk.scheduler",1371843873253
started,bundle,org.eclipse.equinox.p2.updatechecker,1.1.200.v20110808-1657,"org.eclipse.equinox.p2.updatechecker",1371843873253
started,bundle,org.eclipse.equinox.preferences,3.5.1.v20121031-182809,"org.eclipse.equinox.preferences",1371843873253
started,bundle,org.eclipse.equinox.registry,3.5.200.v20120522-1841,"org.eclipse.equinox.registry",1371843873253
started,bundle,org.eclipse.equinox.security,1.1.100.v20120522-1841,"org.eclipse.equinox.security",1371843873269
started,bundle,org.eclipse.equinox.util,1.0.400.v20120917-192807,"org.eclipse.equinox.util",1371843873269
started,bundle,org.eclipse.help,3.6.0.v20120912-134126,"org.eclipse.help",1371843873269
started,bundle,org.eclipse.jdt.apt.core,3.3.500.v20120522-1651,"org.eclipse.jdt.apt.core",1371843873269
started,bundle,org.eclipse.jdt.apt.pluggable.core,1.0.400.v20120522-1651,"org.eclipse.jdt.apt.pluggable.core",1371843873269
started,bundle,org.eclipse.jdt.core,3.8.3.v20130121-145325,"org.eclipse.jdt.core",1371843873284
started,bundle,org.eclipse.jdt.core.manipulation,1.5.0.v20120523-1543,"org.eclipse.jdt.core.manipulation",1371843873284
started,bundle,org.eclipse.jdt.launching,3.6.101.v20130111-183046,"org.eclipse.jdt.launching",1371843873284
started,bundle,org.eclipse.jdt.ui,3.8.2.v20130107-165834,"org.eclipse.jdt.ui",1371843873284
started,bundle,org.eclipse.jface,3.8.102.v20130123-162658,"org.eclipse.jface",1371843873284
started,bundle,org.eclipse.jsch.core,1.1.400.v20120522-1148,"org.eclipse.jsch.core",1371843873284
started,bundle,org.eclipse.ltk.core.refactoring,3.6.0.v20120523-1543,"org.eclipse.ltk.core.refactoring",1371843873284
started,bundle,org.eclipse.ltk.ui.refactoring,3.7.0.v20120523-1543,"org.eclipse.ltk.ui.refactoring",1371843873284
started,bundle,org.eclipse.pde.launching,3.6.100.v20120605-203027,"org.eclipse.pde.launching",1371843873284
started,bundle,org.eclipse.pde.ui,3.7.2.v20130121-093123,"org.eclipse.pde.ui",1371843873284
started,bundle,org.eclipse.search,3.8.0.v20120523-1540,"org.eclipse.search",1371843873284
started,bundle,org.eclipse.team.core,3.6.100.v20120524-0627,"org.eclipse.team.core",1371843873284
started,bundle,org.eclipse.team.cvs.core,3.3.500.v20120522-1148,"org.eclipse.team.cvs.core",1371843873284
started,bundle,org.eclipse.team.cvs.ui,3.3.500.v20120522-1148,"org.eclipse.team.cvs.ui",1371843873284
started,bundle,org.eclipse.team.ui,3.6.201.v20130125-135424,"org.eclipse.team.ui",1371843873284
started,bundle,org.eclipse.ui,3.104.0.v20121024-145224,"org.eclipse.ui",1371843873284
started,bundle,org.eclipse.ui.console,3.5.100.v20120521-2012,"org.eclipse.ui.console",1371843873284
started,bundle,org.eclipse.ui.editors,3.8.0.v20120523-1540,"org.eclipse.ui.editors",1371843873284
started,bundle,org.eclipse.ui.forms,3.5.200.v20120705-114351,"org.eclipse.ui.forms",1371843873284
started,bundle,org.eclipse.ui.ide,3.8.2.v20121106-165923,"org.eclipse.ui.ide",1371843873284
started,bundle,org.eclipse.ui.navigator,3.5.200.v20120705-114103,"org.eclipse.ui.navigator",1371843873284
started,bundle,org.eclipse.ui.net,1.2.101.v20120914-093638,"org.eclipse.ui.net",1371843873284
started,bundle,org.eclipse.ui.trace,1.0.1.v20121204-224553,"org.eclipse.ui.trace",1371843873284
started,bundle,org.eclipse.ui.views,3.6.100.v20120705-114010,"org.eclipse.ui.views",1371843873284
started,bundle,org.eclipse.ui.views.log,1.0.300.v20120530-1435,"org.eclipse.ui.views.log",1371843873300
started,bundle,org.eclipse.ui.workbench,3.104.0.v20130204-164612,"org.eclipse.ui.workbench",1371843873300
started,bundle,org.eclipse.ui.workbench.texteditor,3.8.0.v20120523-1310,"org.eclipse.ui.workbench.texteditor",1371843873300
started,bundle,org.eclipse.update.configurator,3.3.200.v20120912-144026,"org.eclipse.update.configurator",1371843873300
started,bundle,org.eclipse.cdt.codan.checkers,1.0.0.201106081058,"org.eclipse.cdt.codan.checkers",1371843873300
started,bundle,org.eclipse.cdt.codan.core,2.0.0.201106081058,"org.eclipse.cdt.codan.core",1371843873300
started,bundle,org.eclipse.cdt.codan.core.cxx,1.0.0.201106081058,"org.eclipse.cdt.codan.core.cxx",1371843873300
started,bundle,org.eclipse.cdt.codan.ui.cxx,2.0.0.201106081058,"org.eclipse.cdt.codan.ui.cxx",1371843873300
started,bundle,org.eclipse.cdt.core,5.3.0.201106081058,"org.eclipse.cdt.core",1371843873300
started,bundle,org.eclipse.cdt.make.core,7.1.0.201106081058,"org.eclipse.cdt.make.core",1371843873300
started,bundle,org.eclipse.cdt.make.ui,7.1.0.201106081058,"org.eclipse.cdt.make.ui",1371843873300
started,bundle,org.eclipse.cdt.managedbuilder.core,8.0.0.201106081058,"org.eclipse.cdt.managedbuilder.core",1371843873300
started,bundle,org.eclipse.cdt.ui,5.3.0.201106081058,"org.eclipse.cdt.ui",1371843873300
started,bundle,org.eclipse.egit.core,1.0.0.201106090707-r,"org.eclipse.egit.core",1371843873300
started,bundle,org.eclipse.egit.ui,1.0.0.201106090707-r,"org.eclipse.egit.ui",1371843873300
started,bundle,org.eclipse.epp.mpc.ui,1.1.0.I20110525-0742,"org.eclipse.epp.mpc.ui",1371843873300
started,bundle,org.eclipse.epp.usagedata.gathering,1.3.1.R201106061540,"org.eclipse.epp.usagedata.gathering",1371843873300
started,bundle,org.eclipse.epp.usagedata.recording,1.3.1.R201106061540,"org.eclipse.epp.usagedata.recording",1371843873316
started,bundle,org.eclipse.equinox.event,1.2.100.v20110502,"org.eclipse.equinox.event",1371843873316
started,bundle,org.eclipse.jgit,1.0.0.201106090707-r,"org.eclipse.jgit",1371843873316
started,bundle,org.eclipse.mylyn.bugzilla.core,3.6.0.v20110608-1400,"org.eclipse.mylyn.bugzilla.core",1371843873316
started,bundle,org.eclipse.mylyn.bugzilla.ui,3.6.0.v20110608-1400,"org.eclipse.mylyn.bugzilla.ui",1371843873316
started,bundle,org.eclipse.mylyn.commons.identity,0.8.0.v20110608-1400,"org.eclipse.mylyn.commons.identity",1371843873316
started,bundle,org.eclipse.mylyn.commons.net,3.6.0.v20110608-1400,"org.eclipse.mylyn.commons.net",1371843873316
started,bundle,org.eclipse.mylyn.commons.ui,3.6.0.v20110608-1400,"org.eclipse.mylyn.commons.ui",1371843873316
started,bundle,org.eclipse.mylyn.context.core,3.6.0.v20110608-1400,"org.eclipse.mylyn.context.core",1371843873316
started,bundle,org.eclipse.mylyn.context.ui,3.6.0.v20110608-1400,"org.eclipse.mylyn.context.ui",1371843873316
started,bundle,org.eclipse.mylyn.monitor.ui,3.6.0.v20110608-1400,"org.eclipse.mylyn.monitor.ui",1371843873316
started,bundle,org.eclipse.mylyn.tasks.ui,3.6.0.v20110608-1400,"org.eclipse.mylyn.tasks.ui",1371843873316
started,bundle,org.eclipse.mylyn.team.ui,3.6.0.v20110608-1400,"org.eclipse.mylyn.team.ui",1371843873316
started,bundle,org.eclipse.update.core,3.2.500.v20110330,"org.eclipse.update.core",1371843873347
started,bundle,org.eclipse.update.scheduler,3.2.300.v20100512,"org.eclipse.update.scheduler",1371843873347
os,sysinfo,,,"win32",1371843873347
arch,sysinfo,,,"x86_64",1371843873347
ws,sysinfo,,,"win32",1371843873347
locale,sysinfo,,,"pt_BR",1371843873347
processors,sysinfo,,,"4",1371843873347
java.runtime.name,sysinfo,,,"Java(TM) SE Runtime Environment",1371843873347
java.runtime.version,sysinfo,,,"1.7.0_17-b02",1371843873347
java.specification.name,sysinfo,,,"Java Platform API Specification",1371843873347
java.specification.vendor,sysinfo,,,"Oracle Corporation",1371843873347
java.specification.version,sysinfo,,,"1.7",1371843873347
